{
  "id": "",
  "name": "",
  "font_family": "iconfont",
  "css_prefix_text": "icon-",
  "description": "",
  "glyphs": [
    {
      "icon_id": "19685868",
      "name": "首页",
      "font_class": "shouye",
      "unicode": "e9e1",
      "unicode_decimal": 59873
    },
    {
      "icon_id": "19685871",
      "name": "消息",
      "font_class": "xiaoxi",
      "unicode": "e9e2",
      "unicode_decimal": 59874
    },
    {
      "icon_id": "19685872",
      "name": "语音",
      "font_class": "yuyin",
      "unicode": "e9e3",
      "unicode_decimal": 59875
    },
    {
      "icon_id": "19685874",
      "name": "工作台",
      "font_class": "gongzuotai",
      "unicode": "e9e4",
      "unicode_decimal": 59876
    },
    {
      "icon_id": "19685876",
      "name": "物流",
      "font_class": "wuliu",
      "unicode": "e9e5",
      "unicode_decimal": 59877
    },
    {
      "icon_id": "19685885",
      "name": "我的2",
      "font_class": "wode2",
      "unicode": "e9e6",
      "unicode_decimal": 59878
    },
    {
      "icon_id": "19685891",
      "name": "订单",
      "font_class": "dingdan",
      "unicode": "e9e7",
      "unicode_decimal": 59879
    },
    {
      "icon_id": "19685892",
      "name": "招聘",
      "font_class": "zhaopin",
      "unicode": "e9e8",
      "unicode_decimal": 59880
    },
    {
      "icon_id": "19685894",
      "name": "扫一扫",
      "font_class": "saoyisao",
      "unicode": "e9e9",
      "unicode_decimal": 59881
    },
    {
      "icon_id": "19685897",
      "name": "优惠券",
      "font_class": "youhuiquan",
      "unicode": "e9ea",
      "unicode_decimal": 59882
    },
    {
      "icon_id": "19685901",
      "name": "文件",
      "font_class": "wenjian",
      "unicode": "e9eb",
      "unicode_decimal": 59883
    },
    {
      "icon_id": "19685906",
      "name": "购物",
      "font_class": "gouwu",
      "unicode": "e9ec",
      "unicode_decimal": 59884
    },
    {
      "icon_id": "19685907",
      "name": "课程",
      "font_class": "kecheng",
      "unicode": "e9ed",
      "unicode_decimal": 59885
    },
    {
      "icon_id": "19685910",
      "name": "发现",
      "font_class": "faxian",
      "unicode": "e9ee",
      "unicode_decimal": 59886
    },
    {
      "icon_id": "19685917",
      "name": "导航",
      "font_class": "daohang",
      "unicode": "e9ef",
      "unicode_decimal": 59887
    },
    {
      "icon_id": "19685920",
      "name": "密码",
      "font_class": "mima",
      "unicode": "e9f0",
      "unicode_decimal": 59888
    },
    {
      "icon_id": "19685921",
      "name": "收藏",
      "font_class": "shoucang",
      "unicode": "e9f1",
      "unicode_decimal": 59889
    },
    {
      "icon_id": "19685922",
      "name": "搜索",
      "font_class": "sousuo",
      "unicode": "e9f2",
      "unicode_decimal": 59890
    },
    {
      "icon_id": "19685923",
      "name": "我的",
      "font_class": "wode",
      "unicode": "e9f3",
      "unicode_decimal": 59891
    },
    {
      "icon_id": "19685925",
      "name": "喜欢",
      "font_class": "xihuan",
      "unicode": "e9f4",
      "unicode_decimal": 59892
    }
  ]
}
